{
    "seed": 42,
    "seqLength": 10,
    "batchSize": 32,
    "nEpochs": 20,
    "learningRate": 0.001,
    "dModel": 64,
    "nHead": 4,
    "numLayers": 3,
    "dropout": 0.1,
    "saveDir": "savedModels",
    "datasetPath": "dataset/games.csv",
    "trainSeasons": [
        22016,
        22017,
        22018,
        22019,
        22020,
        22021,
        22022
    ],
    "valSeasons": [
        22023
    ],
    "testSeasons": [
        22024
    ],
    "featureCols": [
        "PTS",
        "AST",
        "REB",
        "FGM",
        "FGA",
        "FG_PCT",
        "FG3M",
        "FG3A",
        "FG3_PCT",
        "FTM",
        "FTA",
        "FT_PCT",
        "OREB",
        "DREB",
        "STL",
        "BLK",
        "TOV",
        "PF",
        "PLUS_MINUS",
        "MIN",
        "USG_PCT",
        "OFF_RATING",
        "DEF_RATING",
        "PACE",
        "TS_PCT"
    ],
    "targetCols": [
        "PTS",
        "AST",
        "REB"
    ],
    "valid_mse": 0.5630208750716821,
    "valid_mse_original": {
        "PTS": 46.996849928386034,
        "AST": 4.704083532293147,
        "REB": 7.325552903946738
    },
    "test_mse": 0.6006048865505119,
    "test_mse_original": {
        "PTS": 47.74598441261286,
        "AST": 5.194326685229109,
        "REB": 7.90126957823035
    }
}