{
    "seed": 42,
    "seqLength": 10,
    "batchSize": 32,
    "nEpochs": 1,
    "learningRate": 0.001,
    "dModel": 64,
    "nHead": 4,
    "numLayers": 3,
    "dropout": 0.1,
    "saveDir": "savedModels",
    "datasetPath": "dataset/games.csv",
    "trainSeasons": [
        22016,
        22017,
        22018,
        22019,
        22020,
        22021,
        22022
    ],
    "valSeasons": [
        22023
    ],
    "testSeasons": [
        22024
    ],
    "featureCols": [
        "PTS",
        "AST",
        "REB",
        "FGM",
        "FGA",
        "FG_PCT",
        "FG3M",
        "FG3A",
        "FG3_PCT",
        "FTM",
        "FTA",
        "FT_PCT",
        "OREB",
        "DREB",
        "STL",
        "BLK",
        "TOV",
        "PF",
        "PLUS_MINUS",
        "MIN",
        "USG_PCT",
        "OFF_RATING",
        "DEF_RATING",
        "PACE",
        "TS_PCT"
    ],
    "targetCols": [
        "PTS",
        "AST",
        "REB"
    ],
    "valid_mse": 0.5852173984502301,
    "valid_rmse_original": {
        "PTS": 7.072877386261739,
        "AST": 2.1813867147613575,
        "REB": 2.7602623209046446
    },
    "test_mse": 0.6339899726810246,
    "test_rmse_original": {
        "PTS": 7.226379266577111,
        "AST": 2.3114042829729677,
        "REB": 2.869158137333102
    }
}